Node,Community,Connections
0,0,"3, 9, 10, 15, 18, 40, 76, 99, 196, 202, 215, 235, 236, 291, 300, 302, 308, 349, 370, 380, 383, 418, 530, 537, 657, 718, 734, 759, 767, 966"
1,1,"3, 4, 5, 7, 8, 9, 11, 13, 16, 22, 26, 29, 34, 35, 46, 48, 53, 55, 57, 58, 59, 62, 68, 71, 83, 88, 102, 106, 108, 109, 120, 128, 139, 142, 144, 155, 176, 183, 184, 185, 189, 194, 195, 198, 204, 205, 208, 211, 215, 229, 239, 243, 255, 259, 301, 308, 314, 320, 326, 359, 365, 372, 414, 417, 441, 445, 462, 486, 489, 516, 535, 574, 583, 605, 606, 609, 613, 627, 649, 678, 680, 724, 748, 758, 785, 820, 833, 839, 842, 850, 854, 863, 865, 908, 986, 994, 995"
2,1,"3, 4, 6, 19, 37, 61, 72, 82, 90, 92, 111, 116, 163, 174, 302, 305, 396, 401, 474, 478, 527, 569, 608, 636, 665, 810, 915, 940, 946, 968"
3,1,"0, 1, 2, 4, 5, 6, 9, 10, 14, 34, 36, 38, 50, 51, 52, 82, 99, 100, 108, 162, 165, 187, 194, 201, 230, 269, 297, 303, 305, 403, 444, 486, 528, 530, 591, 696, 792, 812, 830, 831, 835, 845, 896, 922"
4,1,"1, 3, 2, 5, 7, 8, 12, 16, 25, 32, 39, 53, 68, 82, 91, 109, 135, 172, 184, 189, 195, 234, 237, 248, 262, 278, 434, 455, 501, 525, 539, 594, 734, 736, 750, 972"
5,2,"1, 3, 4, 6, 8, 15, 24, 47, 48, 54, 86, 92, 140, 216, 277, 295, 508, 541, 556, 656, 949"
6,0,"2, 3, 5, 7, 14, 19, 20, 28, 31, 46, 54, 61, 564, 633, 844"
7,2,"1, 4, 6, 37, 55, 414, 960"
8,0,"4, 1, 5, 11, 18, 29, 32, 46, 56, 60, 65, 68, 69, 70, 74, 85, 90, 93, 94, 100, 104, 115, 118, 126, 140, 150, 159, 185, 190, 201, 202, 213, 224, 237, 263, 279, 289, 301, 328, 350, 361, 367, 369, 372, 376, 393, 427, 430, 439, 454, 457, 458, 478, 480, 493, 515, 536, 551, 554, 577, 582, 596, 613, 615, 639, 656, 685, 690, 708, 716, 729, 746, 779, 789, 793, 861, 884, 940, 941, 948, 953, 966, 970, 973, 979, 995"
9,2,"0, 3, 1, 10, 11, 12, 14, 16, 17, 18, 21, 22, 25, 31, 33, 36, 40, 44, 45, 49, 55, 63, 72, 76, 77, 79, 84, 131, 145, 161, 182, 183, 202, 212, 225, 226, 236, 243, 253, 269, 297, 300, 323, 331, 333, 345, 349, 395, 431, 436, 443, 463, 474, 481, 495, 518, 521, 550, 560, 592, 638, 639, 648, 677, 687, 711, 712, 740, 798, 801, 808, 822, 828, 855, 858, 859, 872, 908, 964, 972, 992"
10,0,"0, 9, 3, 12, 13, 15, 17, 20, 25, 26, 59, 77, 81, 103, 113, 132, 136, 143, 147, 149, 152, 165, 175, 177, 183, 187, 199, 210, 240, 266, 270, 299, 311, 319, 337, 380, 406, 408, 417, 422, 428, 437, 471, 482, 491, 503, 524, 533, 573, 629, 725, 761, 767, 768, 824, 837, 838, 873, 876, 906, 908, 919, 942, 950, 961"
11,1,"8, 9, 1, 13, 21, 28, 29, 38, 44, 59, 60, 73, 86, 89, 104, 112, 151, 178, 179, 180, 186, 217, 219, 226, 242, 249, 252, 254, 260, 276, 280, 286, 325, 329, 343, 345, 416, 432, 436, 462, 479, 483, 486, 529, 551, 567, 577, 597, 610, 614, 641, 668, 669, 672, 679, 728, 735, 757, 800, 823, 864, 869, 958, 962, 971, 989, 996"
12,2,"9, 10, 4, 17, 62, 161, 188, 298, 311, 374, 436, 611"
13,2,"10, 11, 1, 19, 24, 31, 35, 39, 44, 113, 160, 208, 221, 308, 364, 555, 563, 578, 683, 711, 795, 937, 984"
14,0,"9, 3, 6, 32, 52, 233, 512, 932"
15,1,"0, 10, 5, 437, 520"
16,0,"1, 4, 9, 22, 23, 48, 58, 69, 70, 73, 78, 119, 123, 125, 132, 134, 154, 156, 166, 172, 176, 178, 223, 228, 262, 264, 277, 280, 287, 337, 355, 360, 365, 370, 377, 396, 415, 429, 440, 446, 525, 526, 606, 634, 640, 642, 650, 658, 672, 720, 763, 803, 813, 930, 952, 963"
17,2,"9, 12, 10, 98, 148, 190, 267, 311, 472, 882"
18,0,"8, 9, 0, 40, 56, 66, 71, 79, 80, 89, 105, 115, 145, 206, 226, 251, 252, 285, 329, 335, 361, 391, 409, 420, 490, 540, 559, 584, 586, 649, 712, 781, 870, 885, 975, 978, 990, 998"
19,2,"2, 13, 6, 20, 23, 24, 27, 39, 61, 64, 67, 97, 113, 141, 142, 163, 174, 206, 234, 288, 332, 358, 385, 390, 392, 400, 435, 485, 564, 569, 638, 700, 752, 788, 817, 823, 872, 928"
20,2,"10, 19, 6, 23, 26, 27, 30, 37, 43, 54, 81, 86, 88, 104, 107, 122, 130, 148, 152, 170, 218, 313, 340, 341, 346, 472, 477, 500, 510, 515, 710, 713, 747, 754, 766, 780, 799, 811, 868, 959"
21,2,"9, 11, 84"
22,0,"16, 9, 1, 69, 77, 78, 95, 134, 143, 166, 229, 243, 259, 347, 386, 388, 535, 647, 740, 775, 874"
23,1,"16, 19, 20, 34, 41, 57, 127, 348, 358, 553, 947"
24,1,"5, 13, 19, 47, 107, 108, 114, 126, 153, 216, 346, 447, 461, 472, 563, 688, 705, 709, 762, 843, 886, 949"
25,2,"9, 10, 4, 28, 30, 33, 36, 45, 56, 64, 66, 81, 87, 91, 93, 101, 110, 112, 124, 149, 158, 187, 192, 199, 208, 238, 261, 264, 317, 321, 341, 364, 393, 410, 459, 463, 475, 489, 493, 546, 557, 571, 572, 584, 598, 600, 604, 675, 713, 714, 727, 760, 824, 860, 862, 906, 920, 936, 961, 971"
26,2,"1, 20, 10, 27, 53, 88, 140, 240, 266, 512, 753, 826, 838, 852"
27,2,"19, 20, 26, 30, 42, 47, 65, 92, 133, 216, 218, 261, 383, 676, 751, 981"
28,2,"25, 11, 6, 33, 42, 43, 73, 91, 122, 144, 159, 217, 220, 276, 285, 506, 510, 557, 588, 766, 795, 844, 901, 916"
29,1,"8, 11, 1, 38, 65, 80, 89, 97, 138, 157, 181, 258, 281, 301, 338, 343, 344, 393, 427, 507, 511, 523, 620, 622, 634, 954"
30,1,"25, 27, 20, 45, 64, 101, 129, 133, 168, 171, 321, 431, 463, 689, 756, 773, 784"
31,1,"9, 13, 6"
32,1,"8, 4, 14, 49, 52, 67, 100, 166, 173, 177, 184, 200, 233, 248, 346, 351, 400, 423, 434, 478, 559, 599, 607, 630, 663, 702, 717, 722, 744, 746, 776, 856, 867, 878, 897, 965, 982"
33,0,"25, 28, 9, 42, 49, 76, 87, 98, 142, 164, 188, 304, 318, 347, 395, 413, 466, 502, 600, 612, 669, 777, 867, 868, 944, 959, 985"
34,1,"1, 3, 23, 35, 41, 51, 75, 83, 146, 162, 170, 234, 255, 303, 325, 336, 384, 449, 505, 513, 542, 636, 642, 683, 703, 710, 756, 811, 881, 896, 957"
35,2,"1, 13, 34, 41, 146, 336, 384, 721"
36,0,"25, 9, 3, 50, 101, 117, 637"
37,0,"2, 20, 7, 43, 72, 75, 90, 96, 268, 283, 302, 313, 394, 524, 527, 565, 644, 782, 863"
38,0,"29, 11, 3, 84, 342"
39,0,"19, 13, 4"
40,1,"0, 9, 18, 71, 78, 79, 98, 107, 134, 196, 217, 235, 300, 306, 451, 509, 645, 660, 779, 816"
41,2,"34, 35, 23, 51, 127, 348, 358, 384, 464, 715, 721"
42,2,"27, 28, 33, 600, 764"
43,1,"28, 37, 20, 122, 179, 247, 285, 330, 339, 363, 371, 382, 394, 473, 552, 633, 663, 672, 705, 778, 812, 822"
44,2,"11, 13, 9, 219, 221, 258, 267, 610, 614, 632, 802, 980"
45,1,"25, 9, 30, 50, 57, 96, 169, 317, 442, 447, 927"
46,0,"1, 8, 6, 359"
47,2,"27, 24, 5, 164, 281, 575, 801, 954"
48,2,"1, 5, 16, 58, 60, 102, 106, 109, 119, 123, 128, 132, 141, 197, 222, 232, 244, 259, 265, 277, 295, 307, 309, 312, 315, 334, 353, 365, 377, 389, 405, 412, 420, 450, 465, 488, 513, 519, 549, 587, 608, 659, 674, 684, 697, 719, 723, 727, 743, 847, 860, 865, 873, 917, 934, 939, 955, 986, 987, 993"
49,1,"32, 9, 33, 63, 67, 74, 99, 135, 136, 203, 214, 269, 271, 333, 362, 368, 395, 500, 898, 920"
50,2,"36, 3, 45, 129, 158, 168, 230, 294"
51,1,"34, 41, 3, 95, 103, 227, 325, 335, 696, 706"
52,2,"32, 14, 3, 97, 157, 351, 366"
53,0,"1, 26, 4, 75, 117, 121, 191, 195, 207, 210, 231, 248, 270, 272, 284, 296, 354, 408, 416, 583, 645, 700, 768, 771, 773, 864, 903"
54,1,"20, 6, 5, 175, 299, 304, 811"
55,0,"1, 7, 9, 63"
56,2,"8, 18, 25, 66, 201, 206, 242, 315, 368, 579, 649, 776, 855, 907, 916, 924, 975"
57,2,"1, 45, 23, 155, 553"
58,2,"16, 48, 1, 62, 83, 120, 123, 136, 137, 138, 146, 151, 164, 167, 191, 236, 246, 264, 265, 293, 350, 352, 441, 450, 456, 539, 547, 550, 562, 574, 659, 743, 788, 809, 820, 895"
59,0,"10, 11, 1, 93, 110, 260, 272, 273, 501, 580, 641, 899, 929"
60,1,"48, 11, 8, 106, 307, 323, 488, 560, 684, 793, 955"
61,2,"2, 6, 19, 116, 163, 241, 274, 386, 485, 522, 759, 849, 892"
62,0,"58, 1, 12"
63,1,"9, 49, 55"
64,2,"25, 30, 19, 110, 129, 182, 192, 272, 307, 385, 435, 493, 522, 621, 628, 635, 644, 651, 695, 729, 760, 871, 921"
65,2,"29, 8, 27, 431, 440, 694, 751"
66,2,"56, 25, 18, 80, 87, 105, 290, 459"
67,1,"49, 32, 19, 74, 94, 131, 173, 174, 198, 200, 249, 357, 362, 382, 402, 403, 435, 460, 502, 538, 617, 618, 671, 714, 749"
68,1,"8, 4, 1, 70, 85, 253, 279, 322, 342, 390, 861"
69,2,"16, 22, 8"
70,1,"16, 8, 68, 322, 457, 514"
71,0,"1, 18, 40, 196, 203, 306, 424, 492, 689"
72,1,"9, 2, 37, 171, 331, 334, 883"
73,0,"16, 11, 28, 176, 242, 276, 324, 927, 952"
74,1,"8, 49, 67, 94, 115, 131, 153, 173, 190, 389, 409, 456, 460, 481, 541, 631, 671, 690, 693, 794, 856, 934"
75,1,"34, 53, 37, 96, 121, 156, 203, 268, 381, 755"
76,0,"0, 9, 33, 182, 238, 278, 521, 841, 868"
77,1,"9, 10, 22, 95, 152, 161, 289, 682"
78,1,"40, 16, 22, 212, 306, 492, 509, 880"
79,0,"18, 9, 40"
80,2,"66, 18, 29, 105, 181, 207, 330, 438, 511, 687, 789, 815, 885, 887"
81,1,"25, 10, 20, 102, 112, 121, 124, 137, 338, 374, 433, 453, 477, 499, 619, 636, 807, 862, 877, 996"
82,0,"2, 4, 3, 111, 665, 837"
83,0,"1, 34, 58, 239, 246, 321, 448, 539, 562, 771, 800, 802, 958"
84,0,"9, 21, 38, 85, 114, 490, 531, 534"
85,0,"8, 68, 84, 127, 155, 339"
86,0,"11, 20, 5, 120, 257, 428, 541, 962"
87,1,"25, 33, 66, 124, 158, 225, 319, 777"
88,1,"26, 20, 1, 128, 130, 378, 753, 761"
89,2,"18, 11, 29, 329, 464, 529, 540, 576, 618"
90,2,"8, 2, 37, 116, 138, 211, 356, 367, 379, 394, 401, 446, 470, 484, 498, 565, 946, 992"
91,0,"25, 4, 28, 149, 461, 614"
92,1,"2, 27, 5, 111, 148, 419, 494, 569, 714, 808"
93,2,"8, 25, 59, 273, 594"
94,1,"74, 8, 67, 118, 126, 150, 389, 427, 454, 502, 568"
95,1,"51, 77, 22, 103, 299, 508, 696, 742"
96,2,"45, 75, 37, 169, 327, 411, 447, 467"
97,0,"19, 52, 29, 133, 167, 338, 519, 620, 670"
98,0,"40, 17, 33, 188, 342"
99,0,"0, 3, 49, 362, 370, 418, 806"
100,1,"8, 32, 3, 144, 204, 245, 290, 310, 324, 379, 399, 400, 409, 458, 503, 545, 570, 616, 741"
101,1,"25, 30, 36, 117, 171, 261, 637"
102,2,"48, 1, 81, 119, 239, 315, 347, 433, 652, 953"
103,2,"51, 95, 10, 147, 178, 345"
104,2,"8, 11, 20, 170, 179, 180, 263, 279, 371, 480, 578, 595, 759"
105,0,"18, 80, 66, 438"
106,0,"48, 60, 1, 169, 244, 373, 489, 560, 573, 674, 676, 707, 728, 926"
107,1,"40, 24, 20, 114, 209, 518, 725, 797"
108,2,"24, 3, 1, 139, 194, 209, 354, 355, 444, 504, 624, 643, 675, 678, 780, 796"
109,1,"48, 1, 4, 197, 359"
110,1,"64, 25, 59, 273, 621, 815, 921"
111,1,"2, 92, 82"
112,2,"25, 81, 11, 137, 186, 237, 353, 419, 456, 477, 483, 494, 497, 666, 765, 905, 953"
113,0,"10, 19, 13, 147, 160, 209, 270, 290, 316, 406, 426, 602, 616, 617, 627, 701, 816, 818"
114,1,"24, 107, 84, 220, 461, 518, 688, 694, 825, 843"
115,0,"8, 74, 18, 118, 150, 153, 154, 275, 328, 388, 469, 548, 615, 772, 884"
116,1,"2, 61, 90, 274, 401, 445, 769, 835, 849"
117,0,"101, 36, 53, 143, 207, 257, 637, 960"
118,2,"8, 115, 94, 135, 224, 635"
119,0,"48, 16, 102, 125, 172, 265, 730, 901"
120,0,"1, 58, 86, 151, 326, 388, 396, 505, 563, 738, 911, 997"
121,1,"81, 75, 53, 156, 224, 433, 576, 613, 927, 981"
122,0,"43, 20, 28, 916"
123,0,"16, 48, 58, 125, 141, 154, 227, 284, 293, 312, 332, 373, 375, 568, 580, 619, 681, 706, 814, 840, 865, 974"
124,2,"25, 87, 81, 225, 254, 699, 852"
125,2,"16, 123, 119, 256, 726"
126,2,"8, 94, 24, 160, 193, 250, 425, 532, 655"
127,0,"41, 23, 85, 348, 443"
128,2,"1, 48, 88, 130, 232, 719, 933"
129,0,"64, 30, 50, 168, 180, 229, 294, 320, 566, 655, 691, 692, 879, 893"
130,2,"88, 20, 128, 313, 340, 378, 387, 476, 514, 526, 599, 656, 719, 733, 738, 791, 799, 888, 960"
131,2,"9, 67, 74, 145, 251, 473, 479, 830"
132,1,"48, 16, 10, 222, 334, 437"
133,0,"97, 27, 30, 167, 175, 383, 581, 676"
134,0,"40, 16, 22, 223, 228, 287"
135,1,"49, 4, 118"
136,0,"49, 58, 10, 139, 312, 318, 397, 516, 745, 898, 919, 941, 942"
137,1,"81, 112, 58, 186, 189, 352, 353, 449, 499, 558, 589, 603, 623, 853, 875, 905, 987"
138,2,"90, 58, 29, 157, 211, 356, 379, 399, 498"
139,2,"136, 1, 108, 252, 255, 444, 543, 846"
140,2,"8, 5, 26, 240, 471"
141,1,"19, 48, 123, 197, 295, 582, 604"
142,0,"33, 19, 1, 485, 867"
143,2,"10, 117, 22, 534, 874"
144,2,"100, 1, 28, 159, 204, 220, 245, 304, 310, 570, 588, 616, 764"
145,1,"9, 18, 131, 251, 286, 387, 998"
146,0,"58, 34, 35, 505, 543"
147,1,"10, 103, 113, 165, 256, 278, 316, 343, 344, 357, 386, 576, 647, 666, 686, 733, 739, 873, 938"
148,1,"17, 92, 20, 419, 494, 665, 706"
149,2,"25, 91, 10, 266, 572"
150,0,"8, 94, 115, 404, 469"
151,2,"58, 120, 11, 428, 774, 820"
152,0,"20, 77, 10, 210, 212, 288, 491, 682"
153,1,"24, 115, 74, 275, 316, 391, 442, 487, 693, 732, 925"
154,2,"115, 123, 16, 227, 284, 287, 296, 391, 879"
155,1,"1, 57, 85, 986"
156,0,"16, 121, 75, 235, 803"
157,0,"52, 29, 138, 507"
158,1,"25, 50, 87, 238"
159,0,"8, 28, 144, 185"
160,0,"126, 13, 113, 162, 181, 193, 205, 250, 723"
161,1,"9, 77, 12, 289, 374, 536, 547, 611, 648, 813, 972"
162,0,"160, 34, 3, 193, 205, 336, 531, 591, 659"
163,2,"2, 19, 61, 241, 392, 788, 826"
164,0,"33, 58, 47, 191, 801"
165,1,"3, 147, 10, 357, 476, 737, 837"
166,0,"32, 16, 22, 292, 327, 566"
167,2,"97, 133, 58, 562, 722"
168,0,"129, 50, 30"
169,0,"96, 45, 106, 467, 529, 698"
170,0,"104, 20, 34, 263, 595, 710, 748, 754, 878"
171,1,"72, 101, 30"
172,2,"16, 4, 119, 177, 410, 963"
173,1,"32, 67, 74, 198, 223, 538, 897"
174,2,"19, 2, 67, 262, 403, 733, 784, 915"
175,2,"10, 133, 54"
176,2,"73, 16, 1, 324, 360, 646, 999"
177,0,"32, 10, 172, 337, 423, 528, 786"
178,1,"16, 11, 103, 257, 542, 711, 763"
179,1,"11, 104, 43, 249, 254, 298, 339, 441, 778, 929, 981"
180,1,"129, 11, 104, 320, 480, 692, 757, 900"
181,2,"160, 29, 80"
182,1,"64, 76, 9, 911"
183,1,"9, 10, 1, 219, 297, 798"
184,0,"32, 4, 1, 200, 681, 702, 731, 734, 819"
185,0,"8, 159, 1, 241, 281, 468, 523, 601, 813"
186,2,"112, 137, 11, 268, 352, 449, 577, 905"
187,0,"10, 25, 3, 199, 459, 513, 554, 584, 697, 898, 906"
188,0,"33, 98, 12"
189,1,"1, 4, 137, 589, 603, 632, 796"
190,0,"8, 74, 17, 430, 645"
191,0,"58, 164, 53, 623"
192,0,"64, 25, 354, 588, 760, 920, 994"
193,0,"160, 126, 162, 877, 938, 945"
194,2,"1, 3, 108, 369, 372, 785, 832, 839"
195,2,"1, 53, 4, 231, 245, 326, 783, 991, 994"
196,2,"40, 0, 71, 291, 349, 451, 851"
197,1,"48, 141, 109, 232, 821, 822, 899, 929"
198,1,"1, 67, 173"
199,2,"10, 187, 25"
200,0,"32, 184, 67, 702, 731, 862"
201,2,"56, 8, 3, 213, 222, 228, 247, 363, 452, 836"
202,0,"8, 0, 9, 213, 214, 215, 282, 369, 375, 385, 398, 407, 450, 475, 515, 693, 698, 894, 910, 918"
203,0,"49, 75, 71, 368, 699, 883"
204,1,"144, 1, 100, 417"
205,2,"1, 162, 160, 218, 250, 591, 673"
206,0,"18, 56, 19"
207,2,"80, 53, 117, 408, 789"
208,2,"25, 13, 1"
209,2,"113, 107, 108, 275, 355, 537, 586, 596, 797"
210,2,"152, 10, 53, 288, 768, 903"
211,2,"1, 90, 138"
212,1,"152, 9, 78"
213,0,"8, 202, 201, 214, 398, 549, 852, 964"
214,1,"49, 202, 213, 233, 282, 333, 475, 625, 626, 679, 904"
215,0,"0, 202, 1, 445"
216,1,"24, 5, 27, 949, 993"
217,1,"40, 11, 28, 602, 928"
218,0,"27, 20, 205"
219,1,"11, 44, 183, 221, 258, 632"
220,2,"144, 28, 114, 570, 610"
221,0,"44, 219, 13, 267, 271, 314, 432, 448, 545, 555, 556, 651, 787, 977"
222,0,"201, 132, 48, 244, 247, 309, 405"
223,1,"16, 134, 173, 230"
224,1,"8, 118, 121, 685, 884"
225,0,"9, 124, 87, 495"
226,1,"9, 18, 11, 253, 679, 728, 964"
227,0,"154, 123, 51, 256, 335, 373, 453, 755"
228,0,"16, 134, 201, 429, 640, 836"
229,1,"129, 22, 1, 879"
230,2,"50, 3, 223, 294, 481"
231,2,"195, 53, 575"
232,1,"48, 197, 128, 557, 662, 899"
233,1,"32, 214, 14, 282, 620, 630, 670, 695, 746, 769, 806, 889, 926"
234,0,"34, 19, 4, 750, 858, 887"
235,2,"40, 0, 156, 418, 641"
236,0,"0, 9, 58, 291, 293, 455, 992"
237,2,"112, 8, 4, 328, 411, 501, 708, 910"
238,2,"25, 158, 76, 317, 598"
239,1,"1, 102, 83, 246, 366, 662"
240,0,"26, 140, 10, 361, 471"
241,1,"185, 163, 61"
242,1,"56, 11, 73, 280, 491, 579, 664, 722, 783, 844"
243,0,"9, 22, 1, 660"
244,0,"48, 106, 222, 274, 292, 405, 674"
245,0,"100, 144, 195, 380, 741, 747"
246,2,"83, 239, 58, 366, 574, 596"
247,0,"201, 222, 43, 363, 452, 531, 552, 583"
248,2,"53, 4, 32, 434, 542"
249,2,"67, 11, 179, 260, 402, 424, 735, 756"
250,0,"160, 126, 205, 655, 673"
251,1,"145, 18, 131, 413, 561, 631, 830"
252,0,"11, 18, 139, 310, 535, 668"
253,2,"9, 226, 68, 322, 638, 677"
254,0,"11, 179, 124, 421, 534"
255,2,"1, 34, 139, 381, 606"
256,1,"227, 147, 125, 344, 367, 414, 564, 686, 726"
257,1,"178, 117, 86, 283, 902"
258,2,"219, 44, 29, 425, 532"
259,2,"48, 1, 22"
260,1,"59, 11, 249, 298, 402, 692, 703"
261,1,"25, 101, 27, 826"
262,1,"16, 4, 174, 318, 455, 930"
263,0,"104, 8, 170, 371"
264,2,"16, 58, 25, 303, 319, 341, 466, 497, 809, 890"
265,1,"48, 119, 58, 377, 421, 506, 658, 730, 880"
266,1,"10, 149, 26, 838"
267,1,"17, 221, 44, 314, 545, 802, 983"
268,2,"75, 37, 186"
269,0,"9, 49, 3, 271"
270,2,"113, 10, 53, 627"
271,1,"49, 269, 221, 555"
272,1,"64, 59, 53, 507, 729, 967"
273,1,"59, 110, 93, 283"
274,0,"116, 61, 244, 292, 506, 544"
275,0,"115, 153, 209, 487"
276,1,"73, 28, 11, 296, 426, 537, 762"
277,2,"48, 16, 5, 330, 818, 860"
278,1,"147, 4, 76, 305, 841, 969"
279,2,"8, 68, 104"
280,1,"16, 11, 242, 654"
281,2,"185, 29, 47, 468, 523, 601, 622"
282,2,"214, 202, 233, 407, 625, 703, 717, 904"
283,2,"257, 37, 273, 286, 782, 810, 956"
284,2,"154, 123, 53, 331, 416, 567, 590, 956"
285,0,"18, 43, 28, 490, 667"
286,2,"283, 145, 11, 668, 782, 792, 849, 935, 959, 998"
287,2,"16, 134, 154, 947"
288,2,"210, 152, 19, 332, 682"
289,0,"8, 77, 161, 350, 397, 517, 536, 551, 739"
290,0,"113, 66, 100, 572, 866, 984"
291,2,"0, 236, 196, 657, 718"
292,1,"244, 274, 166, 327, 406, 544, 561, 566, 817, 945, 950"
293,2,"123, 58, 236, 375, 547"
294,2,"50, 129, 230, 897, 979"
295,2,"48, 5, 141, 404"
296,1,"154, 276, 53, 771, 951"
297,0,"9, 183, 3, 835, 840, 858"
298,0,"179, 12, 260"
299,0,"10, 54, 95"
300,1,"40, 0, 9, 621, 886"
301,1,"8, 29, 1, 443, 615"
302,1,"0, 2, 37, 474, 607, 983"
303,1,"264, 34, 3, 907"
304,2,"144, 33, 54, 404, 466, 890"
305,1,"2, 3, 278, 508, 940"
306,2,"40, 71, 78, 424, 492, 509, 660, 909"
307,0,"64, 60, 48, 309, 323, 488, 504, 651, 943"
308,0,"0, 1, 13"
309,0,"48, 307, 222"
310,0,"100, 144, 252, 458, 764"
311,0,"17, 12, 10, 882, 995"
312,0,"136, 48, 123"
313,2,"20, 130, 37, 340, 378, 484, 661, 799, 970"
314,2,"1, 267, 221, 360, 392, 415, 439, 522, 646, 776, 944"
315,2,"56, 48, 102, 579, 652, 723"
316,1,"153, 113, 147, 462, 500"
317,1,"25, 45, 238, 900"
318,1,"136, 33, 262, 397, 398, 411, 413, 941"
319,2,"264, 10, 87, 422, 482, 496, 944"
320,2,"1, 180, 129, 691, 893"
321,1,"25, 30, 83, 410, 438, 571, 800"
322,1,"68, 253, 70, 457, 554"
323,1,"9, 60, 307, 446, 809, 866"
324,2,"73, 176, 100, 469"
325,1,"51, 34, 11, 664, 907"
326,1,"1, 195, 120, 991"
327,2,"96, 166, 292, 467"
328,1,"8, 115, 237, 612, 895, 910"
329,2,"89, 11, 18, 479, 742"
330,1,"80, 43, 277"
331,0,"9, 72, 284"
332,0,"288, 19, 123, 823"
333,1,"49, 214, 9, 872"
334,0,"72, 132, 48, 376, 442"
335,2,"18, 51, 227, 422, 712"
336,0,"34, 162, 35, 520"
337,0,"16, 10, 177, 423, 440, 524, 526, 528, 530"
338,2,"81, 97, 29, 499, 807"
339,1,"43, 179, 85"
340,2,"130, 313, 20, 484"
341,0,"25, 264, 20, 364"
342,0,"98, 68, 38"
343,2,"11, 147, 29, 739"
344,1,"256, 147, 29"
345,2,"9, 11, 103, 351, 753, 965"
346,2,"32, 24, 20, 425"
347,1,"33, 102, 22, 533, 913"
348,0,"41, 23, 127"
349,2,"0, 9, 196"
350,0,"8, 289, 58, 356, 517, 821, 829"
351,1,"345, 52, 32"
352,1,"137, 186, 58, 603, 694, 758, 914"
353,2,"48, 112, 137, 549, 875, 993"
354,0,"192, 108, 53, 503"
355,0,"16, 209, 108, 586"
356,0,"350, 90, 138"
357,1,"67, 147, 165, 538, 686, 985"
358,1,"23, 19, 41, 848"
359,2,"1, 109, 46, 716"
360,1,"16, 176, 314, 415, 451, 525, 634, 646, 999"
361,0,"240, 18, 8"
362,0,"49, 67, 99, 607, 618"
363,0,"247, 43, 201, 452, 798"
364,2,"341, 25, 13, 675"
365,0,"16, 1, 48, 412, 605"
366,0,"52, 246, 239"
367,0,"8, 90, 256, 726, 779"
368,1,"56, 49, 203, 487, 633"
369,1,"8, 202, 194, 376, 454"
370,2,"16, 99, 0, 429, 935"
371,0,"104, 263, 43, 382"
372,2,"8, 194, 1, 465, 785, 832, 833, 839, 843"
373,0,"123, 227, 106, 707, 931"
374,1,"81, 161, 12, 453"
375,2,"202, 293, 123"
376,2,"369, 8, 334"
377,2,"16, 48, 265, 381, 658"
378,1,"130, 88, 313, 387, 448, 589, 654, 661, 781, 787, 805"
379,0,"90, 138, 100, 399, 650, 664, 775, 805, 827, 990"
380,2,"0, 10, 245, 629, 902"
381,2,"377, 75, 255, 470, 886"
382,2,"371, 43, 67, 390, 473, 504, 624, 643, 988"
383,0,"0, 27, 133, 657"
384,1,"34, 35, 41, 464, 715, 721"
385,2,"202, 19, 64, 407, 871, 894"
386,0,"147, 61, 22, 647, 892"
387,0,"145, 378, 130, 476, 561"
388,1,"120, 115, 22, 639, 684, 911, 979"
389,0,"48, 74, 94, 412, 608, 731"
390,1,"19, 68, 382"
391,2,"153, 154, 18, 420, 917"
392,1,"314, 163, 19, 430, 432, 439, 585, 653, 752, 770"
393,1,"8, 25, 29, 604, 605, 685, 866"
394,2,"37, 90, 43, 498, 553, 565, 593, 716"
395,1,"49, 9, 33, 511, 669"
396,2,"16, 2, 120"
397,2,"136, 318, 289, 635"
398,0,"213, 202, 318"
399,2,"138, 100, 379, 805"
400,1,"32, 100, 19, 817"
401,2,"90, 116, 2, 470"
402,1,"249, 67, 260, 465, 558, 751"
403,1,"67, 174, 3"
404,0,"304, 150, 295"
405,1,"244, 48, 222, 512, 592, 727, 854"
406,2,"113, 10, 292, 602, 950"
407,1,"202, 385, 282, 426, 625, 894"
408,2,"10, 207, 53, 482, 496, 848"
409,0,"74, 18, 100, 559"
410,1,"25, 321, 172, 847, 942"
411,2,"96, 237, 318"
412,2,"48, 365, 389"
413,0,"33, 318, 251"
414,0,"256, 1, 7, 680, 736"
415,2,"360, 16, 314, 575"
416,0,"11, 53, 284, 421, 544, 567, 597, 846"
417,1,"1, 204, 10, 516, 609"
418,0,"0, 235, 99, 468, 806"
419,1,"112, 148, 92, 946"
420,2,"48, 18, 391, 519, 587, 917"
421,2,"416, 265, 254"
422,2,"10, 335, 319, 497, 580, 590"
423,2,"177, 32, 337, 704, 786"
424,0,"249, 306, 71, 909, 912"
425,0,"346, 258, 126, 532"
426,1,"113, 276, 407, 701"
427,0,"8, 94, 29, 568"
428,1,"10, 86, 151, 533, 774"
429,2,"16, 370, 228, 915, 936"
430,0,"392, 8, 190"
431,1,"65, 9, 30, 521, 859"
432,0,"392, 11, 221, 548, 585, 732, 967"
433,0,"81, 102, 121"
434,0,"248, 32, 4, 594, 650, 827, 982"
435,2,"19, 64, 67, 460, 495, 611, 628, 695, 749"
436,1,"9, 11, 12, 793"
437,1,"10, 15, 132"
438,0,"321, 105, 80, 571, 885"
439,0,"8, 314, 392, 752, 790"
440,0,"16, 337, 65"
441,2,"1, 58, 179, 909"
442,2,"153, 45, 334"
443,1,"9, 301, 127, 705, 804"
444,2,"108, 139, 3"
445,0,"215, 1, 116, 769"
446,0,"16, 90, 323, 745, 970"
447,1,"24, 96, 45, 947"
448,0,"378, 83, 221, 749, 787"
449,1,"137, 186, 34, 642"
450,1,"202, 58, 48, 939"
451,1,"40, 196, 360"
452,1,"363, 201, 247, 626, 836"
453,1,"81, 374, 227"
454,1,"369, 8, 94, 973"
455,0,"4, 262, 236"
456,1,"112, 58, 74, 483, 546"
457,1,"8, 322, 70, 514, 791"
458,0,"8, 100, 310, 854"
459,0,"25, 187, 66"
460,1,"74, 67, 435, 724, 937"
461,1,"24, 114, 91, 688, 709"
462,1,"1, 11, 316"
463,0,"25, 30, 9, 598, 677"
464,2,"89, 41, 384, 689, 715, 804, 857"
465,0,"48, 402, 372, 558"
466,2,"264, 33, 304, 790, 890"
467,2,"96, 327, 169, 698, 841"
468,2,"418, 185, 281, 601"
469,0,"115, 150, 324, 548, 700"
470,0,"90, 401, 381"
471,0,"240, 140, 10, 629, 762"
472,1,"24, 17, 20, 747, 963"
473,2,"43, 382, 131"
474,2,"9, 2, 302, 687, 983"
475,2,"25, 202, 214, 626"
476,2,"387, 130, 165, 678"
477,1,"81, 20, 112, 765"
478,0,"32, 8, 2, 581, 599, 982"
479,2,"329, 11, 131, 517"
480,2,"104, 180, 8, 595, 900, 966"
481,1,"9, 74, 230, 592, 869, 948"
482,0,"10, 319, 408, 496, 720, 767"
483,0,"112, 456, 11, 546, 957"
484,1,"90, 340, 313, 851, 912"
485,0,"19, 61, 142"
486,0,"11, 3, 1, 952"
487,1,"368, 153, 275, 732"
488,1,"48, 307, 60, 661, 943"
489,1,"25, 106, 1, 707, 758"
490,0,"18, 84, 285, 578"
491,1,"152, 10, 242"
492,2,"306, 78, 71, 880"
493,2,"8, 64, 25, 581, 582, 971"
494,2,"112, 148, 92"
495,2,"225, 9, 435"
496,2,"482, 408, 319"
497,2,"264, 112, 422, 765"
498,2,"90, 138, 394, 520, 861, 933"
499,1,"81, 338, 137, 875"
500,1,"49, 316, 20"
501,0,"59, 237, 4, 527, 736"
502,2,"33, 67, 94"
503,0,"354, 10, 100, 690"
504,2,"307, 108, 382, 624, 643, 988"
505,0,"120, 34, 146, 543, 951"
506,1,"265, 274, 28, 510, 730"
507,1,"272, 157, 29"
508,2,"305, 5, 95, 556, 623, 708, 923"
509,1,"306, 78, 40"
510,1,"506, 28, 20, 766"
511,0,"80, 29, 395"
512,1,"26, 405, 14, 932"
513,0,"48, 34, 187, 697"
514,1,"457, 70, 130, 791, 888"
515,1,"8, 202, 20"
516,0,"136, 417, 1, 745"
517,2,"479, 350, 289, 829"
518,2,"9, 107, 114"
519,1,"48, 420, 97"
520,2,"336, 498, 15"
521,2,"9, 431, 76, 859"
522,0,"64, 314, 61, 628, 644, 968"
523,2,"281, 185, 29, 622"
524,1,"337, 10, 37, 987"
525,2,"16, 4, 360, 640"
526,2,"16, 337, 130"
527,0,"2, 37, 501, 738"
528,0,"337, 177, 3, 590, 786"
529,1,"89, 11, 169, 540, 704"
530,0,"337, 3, 0, 969"
531,0,"162, 84, 247, 552, 654, 757"
532,2,"425, 126, 258, 587"
533,2,"10, 428, 347"
534,2,"84, 254, 143, 874"
535,0,"1, 22, 252"
536,0,"289, 161, 8"
537,0,"0, 209, 276"
538,1,"67, 173, 357, 755"
539,2,"83, 58, 4, 550, 691"
540,1,"89, 18, 529, 681"
541,2,"5, 86, 74, 631, 774"
542,1,"248, 178, 34, 763"
543,0,"146, 505, 139"
544,0,"416, 292, 274"
545,0,"267, 221, 100"
546,0,"456, 483, 25, 713"
547,0,"161, 58, 293"
548,0,"432, 115, 469, 585, 699, 772"
549,1,"213, 353, 48, 701, 850"
550,0,"9, 539, 58"
551,1,"8, 11, 289"
552,2,"247, 43, 531"
553,2,"57, 23, 394, 573, 593, 863, 955"
554,2,"8, 322, 187"
555,1,"221, 13, 271"
556,1,"5, 508, 221, 667, 923"
557,0,"232, 28, 25, 958"
558,2,"465, 402, 137, 815, 818, 969"
559,1,"32, 18, 409, 717, 744, 834"
560,2,"9, 106, 60"
561,0,"387, 292, 251, 724, 814"
562,1,"58, 83, 167, 895"
563,2,"120, 24, 13, 997"
564,2,"256, 19, 6"
565,1,"394, 90, 37"
566,0,"129, 166, 292"
567,0,"416, 11, 284, 597, 846, 954"
568,0,"123, 94, 427, 619, 974"
569,1,"2, 19, 92"
570,2,"144, 220, 100, 780, 985"
571,1,"321, 438, 25"
572,0,"25, 149, 290"
573,2,"553, 10, 106, 593, 653"
574,1,"1, 58, 246"
575,2,"415, 231, 47"
576,0,"89, 121, 147"
577,0,"8, 186, 11"
578,2,"104, 490, 13, 976"
579,1,"56, 315, 242, 652, 821, 924"
580,1,"123, 59, 422, 943"
581,0,"493, 133, 478"
582,0,"8, 493, 141"
583,1,"1, 53, 247, 704"
584,1,"18, 187, 25"
585,1,"432, 548, 392"
586,1,"209, 355, 18, 683, 797, 870"
587,1,"532, 420, 48"
588,2,"192, 28, 144"
589,0,"137, 189, 378, 781"
590,0,"528, 284, 422"
591,1,"162, 3, 205, 845, 976"
592,0,"9, 481, 405, 869"
593,2,"553, 394, 573, 653, 961"
594,1,"434, 4, 93, 737"
595,2,"104, 480, 170"
596,0,"8, 209, 246, 680"
597,2,"416, 11, 567"
598,1,"25, 238, 463, 913"
599,0,"32, 478, 130, 663, 794"
600,1,"33, 42, 25, 612, 991"
601,2,"281, 185, 468"
602,0,"113, 406, 217, 816, 928"
603,1,"137, 352, 189, 796, 853, 889"
604,1,"25, 393, 141"
605,0,"1, 365, 393"
606,1,"1, 255, 16, 896, 934"
607,2,"32, 362, 302"
608,2,"2, 389, 48, 609"
609,1,"608, 1, 417, 842, 975"
610,2,"220, 44, 11"
611,2,"435, 12, 161, 648, 814"
612,0,"328, 33, 600, 829"
613,1,"8, 1, 121"
614,1,"91, 11, 44, 980"
615,1,"8, 301, 115, 772"
616,2,"113, 100, 144, 617, 876"
617,2,"616, 113, 67, 876, 891"
618,1,"89, 362, 67, 662, 770"
619,1,"568, 123, 81, 807, 877, 974"
620,2,"233, 29, 97, 630, 670, 922"
621,1,"110, 64, 300"
622,2,"281, 29, 523"
623,1,"137, 508, 191, 853"
624,0,"504, 108, 382"
625,2,"282, 214, 407, 904"
626,0,"475, 214, 452, 925"
627,1,"1, 113, 270"
628,0,"64, 522, 435, 871"
629,2,"10, 471, 380, 824, 902"
630,2,"233, 32, 620, 810"
631,1,"74, 541, 251, 671, 856"
632,2,"44, 219, 189"
633,0,"368, 43, 6"
634,0,"16, 360, 29, 740, 803"
635,2,"64, 397, 118"
636,1,"81, 34, 2"
637,0,"117, 36, 101"
638,0,"19, 253, 9"
639,2,"8, 9, 388"
640,2,"525, 16, 228, 957"
641,1,"11, 59, 235, 864, 962, 980"
642,2,"16, 449, 34, 667"
643,0,"504, 382, 108, 988"
644,1,"64, 522, 37"
645,2,"40, 53, 190, 773"
646,0,"360, 314, 176, 999"
647,1,"386, 147, 22, 666"
648,0,"161, 611, 9"
649,0,"56, 18, 1, 725, 748"
650,0,"16, 434, 379, 775, 827"
651,0,"64, 307, 221"
652,2,"315, 102, 579"
653,1,"392, 593, 573"
654,2,"280, 378, 531"
655,1,"129, 250, 126, 673"
656,2,"8, 130, 5, 741"
657,2,"0, 291, 383, 718, 923"
658,2,"377, 265, 16"
659,2,"48, 162, 58, 743"
660,0,"306, 40, 243"
661,2,"488, 313, 378"
662,1,"232, 618, 239"
663,0,"32, 599, 43, 812, 881"
664,0,"242, 379, 325, 750, 783"
665,1,"82, 2, 148"
666,0,"112, 147, 647"
667,2,"642, 556, 285"
668,0,"11, 252, 286"
669,0,"11, 395, 33"
670,0,"620, 233, 97"
671,0,"74, 67, 631"
672,2,"16, 43, 11, 720"
673,1,"250, 655, 205, 848"
674,0,"48, 244, 106, 737, 847, 931"
675,1,"25, 364, 108"
676,2,"106, 27, 133"
677,1,"9, 253, 463"
678,1,"108, 1, 476"
679,0,"226, 11, 214"
680,0,"1, 414, 596, 744"
681,0,"184, 123, 540"
682,0,"152, 288, 77, 842"
683,2,"34, 13, 586, 937"
684,0,"48, 60, 388"
685,2,"8, 224, 393, 819"
686,0,"147, 357, 256, 891"
687,0,"80, 474, 9"
688,1,"24, 461, 114, 709, 825"
689,1,"464, 30, 71"
690,2,"8, 74, 503, 948"
691,2,"129, 320, 539, 893"
692,2,"129, 180, 260"
693,2,"202, 74, 153, 918"
694,1,"352, 65, 114"
695,1,"64, 435, 233, 921"
696,0,"51, 95, 3, 742"
697,1,"513, 48, 187"
698,2,"169, 467, 202"
699,1,"203, 124, 548"
700,2,"53, 19, 469"
701,0,"426, 113, 549, 850"
702,2,"200, 32, 184, 819"
703,1,"282, 260, 34"
704,2,"529, 423, 583"
705,2,"24, 43, 443, 804"
706,2,"51, 123, 148"
707,1,"106, 373, 489, 855"
708,2,"237, 8, 508"
709,2,"688, 24, 461, 825"
710,2,"170, 20, 34, 754, 883"
711,0,"9, 178, 13"
712,1,"18, 335, 9"
713,2,"25, 546, 20, 794"
714,0,"25, 67, 92, 808, 828"
715,1,"464, 41, 384, 857"
716,0,"8, 394, 359"
717,0,"32, 559, 282"
718,2,"291, 0, 657"
719,0,"128, 48, 130, 933"
720,2,"672, 16, 482, 834"
721,0,"384, 35, 41, 834"
722,2,"32, 242, 167"
723,1,"160, 315, 48"
724,0,"561, 460, 1"
725,0,"649, 10, 107"
726,2,"256, 367, 125"
727,1,"48, 405, 25, 931"
728,0,"106, 11, 226"
729,2,"8, 272, 64, 967"
730,0,"265, 119, 506"
731,1,"184, 200, 389"
732,1,"432, 153, 487"
733,1,"130, 147, 174"
734,0,"0, 4, 184"
735,0,"249, 11"
736,1,"501, 4, 414"
737,2,"674, 594, 165"
738,2,"120, 130, 527"
739,2,"289, 147, 343"
740,1,"9, 22, 634"
741,2,"656, 245, 100"
742,0,"329, 95, 696"
743,0,"58, 659, 48"
744,0,"680, 32, 559"
745,0,"136, 516, 446"
746,1,"32, 8, 233"
747,1,"20, 472, 245"
748,0,"1, 649, 170, 777"
749,1,"448, 435, 67"
750,1,"664, 234, 4"
751,1,"65, 27, 402"
752,0,"392, 439, 19, 770, 778, 790, 914, 978, 989"
753,2,"345, 26, 88, 761"
754,1,"170, 710, 20"
755,0,"538, 75, 227"
756,2,"249, 34, 30, 784"
757,1,"531, 11, 180"
758,2,"352, 1, 489"
759,2,"0, 104, 61"
760,0,"192, 25, 64, 932"
761,1,"88, 753, 10, 878"
762,1,"24, 276, 471"
763,0,"178, 16, 542"
764,2,"144, 310, 42"
765,1,"112, 497, 477"
766,0,"28, 510, 20, 851"
767,2,"0, 482, 10"
768,2,"210, 53, 10, 951"
769,1,"233, 445, 116, 888, 926"
770,2,"392, 752, 618"
771,1,"296, 53, 83"
772,0,"115, 548, 615"
773,0,"53, 645, 30"
774,0,"428, 151, 541"
775,0,"379, 650, 22"
776,1,"56, 314, 32, 792, 795"
777,1,"33, 87, 748"
778,0,"752, 179, 43, 903, 914, 930, 989"
779,2,"8, 367, 40"
780,1,"108, 570, 20"
781,0,"18, 589, 378"
782,1,"283, 37, 286, 935"
783,2,"664, 242, 195"
784,0,"756, 30, 174"
785,1,"194, 372, 1, 832, 881"
786,2,"177, 423, 528"
787,0,"448, 378, 221"
788,2,"58, 19, 163"
789,1,"80, 207, 8"
790,2,"752, 439, 466"
791,2,"514, 130, 457"
792,0,"776, 3, 286"
793,2,"8, 436, 60"
794,2,"713, 74, 599"
795,2,"776, 28, 13"
796,1,"108, 189, 603, 889"
797,2,"209, 107, 586, 870"
798,1,"9, 183, 363"
799,0,"313, 20, 130"
800,2,"321, 83, 11, 925"
801,0,"9, 164, 47, 891"
802,2,"267, 44, 83"
803,2,"16, 156, 634"
804,1,"464, 705, 443"
805,1,"399, 379, 378"
806,0,"418, 99, 233"
807,0,"81, 619, 338"
808,2,"9, 714, 92, 828, 831, 901"
809,0,"264, 58, 323"
810,2,"2, 283, 630, 956, 977"
811,1,"54, 20, 34"
812,1,"3, 43, 663"
813,2,"16, 185, 161, 857"
814,0,"123, 561, 611"
815,2,"80, 558, 110"
816,1,"40, 113, 602"
817,0,"19, 400, 292, 945"
818,2,"113, 277, 558"
819,1,"184, 702, 685"
820,1,"1, 58, 151"
821,2,"579, 197, 350"
822,0,"9, 43, 197"
823,0,"11, 19, 332"
824,1,"10, 629, 25"
825,2,"688, 709, 114"
826,1,"26, 163, 261"
827,1,"650, 379, 434"
828,0,"808, 9, 714"
829,0,"350, 517, 612"
830,0,"3, 251, 131, 831, 922"
831,1,"808, 830, 3, 845"
832,0,"194, 785, 372, 833"
833,0,"1, 372, 832"
834,0,"720, 721, 559"
835,2,"297, 3, 116, 840, 997"
836,1,"201, 452, 228"
837,1,"10, 82, 165"
838,0,"266, 10, 26"
839,1,"194, 372, 1"
840,1,"297, 835, 123, 892"
841,0,"467, 76, 278"
842,0,"1, 609, 682"
843,2,"24, 114, 372"
844,2,"242, 28, 6, 913"
845,1,"3, 831, 591, 976"
846,1,"416, 567, 139"
847,0,"48, 674, 410"
848,0,"408, 673, 358"
849,0,"116, 61, 286"
850,0,"1, 701, 549"
851,1,"196, 484, 766"
852,1,"26, 124, 213"
853,0,"137, 623, 603"
854,0,"1, 458, 405"
855,1,"56, 9, 707"
856,2,"32, 74, 631"
857,1,"464, 715, 813, 882"
858,2,"9, 297, 234, 887"
859,0,"521, 9, 431"
860,0,"48, 277, 25"
861,2,"498, 68, 8, 973"
862,1,"200, 81, 25"
863,1,"1, 37, 553"
864,1,"11, 641, 53"
865,1,"48, 123, 1"
866,0,"393, 290, 323, 984"
867,2,"32, 33, 142"
868,1,"33, 76, 20"
869,1,"592, 481, 11"
870,2,"586, 18, 797"
871,0,"64, 628, 385"
872,0,"9, 333, 19"
873,0,"48, 10, 147"
874,2,"143, 534, 22"
875,0,"137, 353, 499"
876,1,"616, 617, 10"
877,2,"81, 619, 193, 938"
878,2,"32, 761, 170"
879,1,"129, 229, 154"
880,1,"265, 492, 78"
881,0,"785, 34, 663"
882,0,"857, 17, 311"
883,1,"72, 203, 710, 924"
884,2,"8, 115, 224"
885,0,"80, 18, 438"
886,1,"24, 300, 381"
887,1,"80, 234, 858"
888,2,"769, 130, 514"
889,1,"233, 796, 603"
890,0,"466, 264, 304"
891,1,"801, 686, 617"
892,2,"840, 386, 61"
893,0,"691, 129, 320"
894,0,"385, 407, 202, 918"
895,2,"328, 58, 562"
896,1,"34, 3, 606"
897,0,"173, 32, 294, 965"
898,0,"136, 49, 187, 919"
899,1,"232, 197, 59"
900,1,"480, 180, 317"
901,2,"808, 28, 119"
902,2,"380, 629, 257"
903,1,"210, 53, 778"
904,0,"282, 625, 214"
905,1,"112, 186, 137"
906,1,"187, 10, 25"
907,0,"56, 325, 303"
908,2,"1, 10, 9"
909,0,"441, 306, 424, 912"
910,1,"328, 237, 202"
911,2,"388, 120, 182"
912,0,"424, 909, 484"
913,1,"347, 844, 598"
914,0,"352, 752, 778"
915,2,"2, 174, 429, 936, 968"
916,0,"56, 122, 28"
917,1,"420, 48, 391"
918,1,"202, 693, 894"
919,2,"136, 10, 898"
920,1,"192, 25, 49, 939"
921,2,"64, 110, 695"
922,2,"830, 3, 620"
923,2,"657, 556, 508"
924,0,"56, 579, 883"
925,2,"800, 153, 626"
926,1,"769, 233, 106"
927,0,"73, 121, 45"
928,0,"602, 217, 19"
929,1,"59, 179, 197"
930,0,"16, 262, 778"
931,0,"674, 373, 727"
932,2,"760, 512, 14"
933,0,"128, 719, 498"
934,2,"48, 74, 606"
935,1,"370, 782, 286"
936,0,"25, 429, 915"
937,2,"683, 13, 460"
938,1,"193, 877, 147"
939,0,"48, 450, 920"
940,1,"8, 2, 305"
941,1,"136, 318, 8"
942,0,"136, 10, 410"
943,0,"488, 307, 580"
944,2,"33, 314, 319"
945,2,"193, 292, 817"
946,2,"90, 2, 419"
947,1,"447, 287, 23"
948,0,"481, 690, 8"
949,0,"216, 24, 5"
950,1,"10, 292, 406"
951,2,"296, 768, 505"
952,1,"73, 16, 486"
953,2,"112, 8, 102"
954,2,"29, 567, 47"
955,1,"48, 60, 553"
956,2,"810, 283, 284, 977"
957,1,"640, 34, 483"
958,2,"83, 11, 557"
959,0,"33, 20, 286"
960,1,"130, 117, 7"
961,0,"593, 25, 10"
962,1,"86, 11, 641, 996"
963,1,"472, 16, 172"
964,0,"9, 226, 213"
965,0,"32, 897, 345"
966,2,"0, 480, 8"
967,0,"432, 729, 272"
968,1,"522, 2, 915"
969,1,"530, 558, 278"
970,2,"8, 313, 446"
971,2,"25, 493, 11"
972,2,"161, 9, 4"
973,0,"861, 8, 454"
974,0,"568, 619, 123"
975,1,"56, 18, 609, 978, 990"
976,2,"578, 845, 591"
977,1,"221, 956, 810"
978,2,"752, 18, 975"
979,2,"8, 388, 294"
980,2,"641, 614, 44"
981,2,"121, 27, 179"
982,0,"32, 434, 478"
983,2,"302, 474, 267"
984,2,"290, 866, 13"
985,2,"33, 570, 357"
986,2,"1, 155, 48"
987,1,"48, 137, 524"
988,1,"504, 382, 643"
989,2,"778, 752, 11"
990,2,"18, 975, 379"
991,2,"600, 195, 326"
992,2,"90, 236, 9"
993,1,"216, 353, 48"
994,0,"192, 1, 195"
995,0,"8, 1, 311"
996,0,"81, 11, 962"
997,1,"120, 563, 835"
998,1,"145, 286, 18"
999,2,"176, 646, 360"
